<?xml version="1.0" encoding="UTF-8"?>
<!DOCTYPE suite SYSTEM "https://testng.org/testng-1.0.dtd">
<suite name="Suite">
<parameter name="username" value="Demosalesmanager"></parameter>
<parameter name="password" value="crmsfa"></parameter>
  <test thread-count="5" name="Test" verbose="5">
    <classes>
      
      <class name="passingStaticAndDynamicFromXmlAndExcel.CreateLead"/>
      <class name="passingStaticAndDynamicFromXmlAndExcel.EditLead"/>
      <class name="passingStaticAndDynamicFromXmlAndExcel.DeleteLead"/>
      <class name="passingStaticAndDynamicFromXmlAndExcel.DuplicateLead"/>
      
    </classes>
  </test> <!-- Test -->
</suite> <!-- Suite -->
